benchmark,x,y
test-fmath,2.0,0.11379310344827587
test-fmath,4.0,0.1206896551724138
test-fmath,8.0,0.12413793103448276
test-fmath,16.0,0.12758620689655173
test-llong,2.0,0.0
test-llong,4.0,0.012474012474012475
test-llong,8.0,0.02079002079002079
test-llong,16.0,0.02286902286902287
test-lswlr,2.0,0.0
test-lswlr,4.0,0.0
test-lswlr,8.0,0.0
test-lswlr,16.0,0.0
test-math,2.0,0.0
test-math,4.0,0.0012406947890818859
test-math,8.0,0.11166253101736973
test-math,16.0,0.19106699751861042
