benchmark,x,y
test-fmath,2.0,0.11551724137931034
test-fmath,4.0,0.1206896551724138
test-fmath,8.0,0.12241379310344827
test-fmath,16.0,0.12586206896551724
test-llong,2.0,0.0
test-llong,4.0,0.010395010395010396
test-llong,8.0,0.02079002079002079
test-llong,16.0,0.02079002079002079
test-lswlr,2.0,0.0
test-lswlr,4.0,0.0
test-lswlr,8.0,0.0
test-lswlr,16.0,0.0
test-math,2.0,0.0
test-math,4.0,0.0024813895781637717
test-math,8.0,0.12655086848635236
test-math,16.0,0.20843672456575682
