benchmark,x,y
test-fmath,2.0,0.06379310344827586
test-fmath,4.0,0.06551724137931035
test-fmath,8.0,0.06551724137931035
test-fmath,16.0,0.06551724137931035
test-llong,2.0,0.0
test-llong,4.0,0.010395010395010396
test-llong,8.0,0.010395010395010396
test-llong,16.0,0.010395010395010396
test-lswlr,2.0,0.0
test-lswlr,4.0,0.0
test-lswlr,8.0,0.0
test-lswlr,16.0,0.0
test-math,2.0,0.0
test-math,4.0,0.0024813895781637717
test-math,8.0,0.09553349875930521
test-math,16.0,0.12406947890818859
